NIRF_Rank,Institute,Placements_rating,Infrastructure_rating,Faculty_Course_Curriculum_rating,Crowd_Campus_Life_rating,Value_for_Money_rating,Learning_Experience_rating,Total_Reviews,Fees,Salary,Courses
1,IIT Madras - Indian Institute of Technology4.,4.4,4.4,4.5,4.6,4.7,4.6,337.0,₹ 10.00 LakhSalary ,₹ 19.00 Lakh Not RankedIndia Today ,B.Tech
2,IIT Delhi - Indian Institute of Technology4.,4.4,4.4,4.3,4.6,4.6,0.0,614.0,₹ 8.00 LakhSalary ,₹ 20.00 Lakh 1India Today ,B.Tech
3,IIT Bombay - Indian Institute of Technology4.,4.6,4.6,4.5,4.7,4.7,5.0,436.0,₹ 8.00 LakhSalary ,₹ 17.92 Lakh 2India Today ,B.Tech
4,IIT Kanpur - Indian Institute of Technology4.,4.5,4.7,4.5,4.8,4.7,0.0,394.0,₹ 8.00 LakhSalary ,₹ 19.40 Lakh 3India Today ,B.Tech
5,IIT Kharagpur - Indian Institute of Technology4.,4.4,4.4,4.3,4.7,4.5,0.0,593.0,₹ 8.00 LakhSalary ,₹ 19.76 Lakh 4India Today ,B.Tech
6,IIT Roorkee - Indian Institute of Technology4.,4.3,4.5,4.1,4.7,4.5,5.0,594.0,₹ 8.00 LakhSalary ,₹ 17.00 Lakh 5India Today ,B.Tech
7,IIT Guwahati - Indian Institute of Technology4.,4.4,4.6,4.2,4.7,4.6,0.0,341.0,₹ 8.00 LakhSalary ,₹ 34.50 Lakh 6India Today ,B.Tech
8,IIT Hyderabad - Indian Institute of Technology4.,4.3,4.5,4.6,4.3,4.4,5.0,124.0,₹ 8.00 LakhSalary ,₹ 21.00 Lakh Not RankedIndia Today ,B.Tech
9,NIT Trichy - National Institute of Technology4.,4.4,4.3,4.1,4.5,4.5,0.0,366.0,₹ 5.00 LakhSalary ,₹ 15.76 Lakh Not RankedIndia Today ,B.Tech
10,"Indian Institute of Technology, BHU, Varanasi4.",4.5,3.8,4.1,4.4,4.4,0.0,550.0,₹ 8.00 LakhNot RankedIndia Today ,,B.Tech
11,VIT Vellore4.,4.2,4.5,4.0,4.1,4.0,0.0,1949.0,₹ 7.80 LakhNot RankedIndia Today ,,B.Tech
12,Jadavpur University4.,4.4,4.0,4.4,4.6,4.9,0.0,639.0,"₹ 20,840Salary ",₹ 10.50 Lakh Not RankedIndia Today ,B.Tech
13,"SRM Institute of Science and Technology, Kattankulathur4.",4.0,4.4,3.9,4.4,3.8,0.0,2200.0,₹ 11.00 LakhNot RankedIndia Today ,,B.Tech
14,"College of Engineering, Anna University4.",4.0,4.1,4.0,4.4,4.5,0.0,224.0,"₹ 48,000Salary ",₹ 7.50 Lakh Not RankedIndia Today ,B.Tech
15,IIT Dhanbad (ISM) - Indian Institute of Technology (ISM)4.,4.1,4.1,4.0,4.3,4.3,0.0,587.0,₹ 8.00 LakhSalary ,₹ 15.00 Lakh Not RankedIndia Today ,B.Tech
16,IIT Indore - Indian Institute of Technology4.,4.0,4.4,4.0,4.3,4.3,0.0,101.0,₹ 8.00 LakhSalary ,₹ 21.20 Lakh Not RankedIndia Today ,B.Tech
17,NIT Surathkal - National Institute of Technology4.,4.4,4.2,4.2,4.6,4.5,0.0,474.0,₹ 5.00 LakhSalary ,₹ 14.21 Lakh Not RankedIndia Today ,B.Tech
18,IIT Gandhinagar - Indian Institute of Technology4.,4.0,4.7,4.4,4.5,4.4,0.0,68.0,₹ 8.00 LakhSalary ,₹ 16.00 Lakh 10India Today ,B.Tech
19,NIT Rourkela - National Institute of Technology4.,4.2,4.4,4.0,4.6,4.3,0.0,685.0,₹ 5.00 LakhSalary ,₹ 9.00 Lakh Not RankedIndia Today ,B.Tech
20,BITS Pilani - Birla Institute of Technology and Science4.,4.4,4.5,4.2,4.7,4.2,0.0,635.0,₹ 20.76 LakhSalary ,₹ 16.15 Lakh 7India Today ,B.Tech
21,NIT Warangal - National Institute of Technology4.,4.3,4.1,4.0,4.4,4.3,0.0,623.0,₹ 5.00 LakhSalary ,₹ 12.00 Lakh Not RankedIndia Today ,B.Tech
22,IIT Ropar - Indian Institute of Technology4.,4.3,4.4,4.2,4.5,4.5,0.0,80.0,₹ 8.00 LakhNot RankedIndia Today ,,B.Tech
24,Jamia Millia Islamia4.,3.6,4.3,4.2,4.4,4.6,3.7,843.0,"₹ 64,600Salary ",₹ 11.00 Lakh Not RankedIndia Today ,B.Tech
25,NIT Calicut - National Institute of Technology4.,4.1,3.9,4.0,4.4,4.2,0.0,389.0,₹ 5.00 LakhSalary ,₹ 9.00 Lakh Not RankedIndia Today ,B.Tech
26,SOA University - Siksha 'O' Anusandhan4.,3.9,4.3,4.2,4.1,3.9,0.0,1100.0,₹ 11.80 LakhSalary ,₹ 5.70 Lakh Not RankedIndia Today ,B.Tech
27,DTU - Delhi Technological University4.,4.4,4.2,4.0,4.5,4.3,0.0,2613.0,₹ 7.40 Lakh9India Today ,,B.Tech
28,"Indian Institute of Technology , Jodhpur4.",4.1,4.4,4.0,4.3,4.3,0.0,127.0,₹ 8.00 LakhNot RankedIndia Today ,,B.Tech
29,Thapar University4.,4.1,4.5,3.9,4.4,3.7,0.0,940.0,₹ 19.56 LakhSalary ,₹ 11.89 Lakh Not RankedIndia Today ,B.Tech
30,"Amity University, Noida4.",3.6,4.5,4.0,4.4,3.7,5.0,1845.0,₹ 10.80 LakhNot RankedIndia Today ,,B.Tech
31,IIT Mandi - Indian Institute of Technology4.,4.0,4.4,4.2,4.4,4.4,0.0,74.0,₹ 8.08 LakhSalary ,₹ 22.23 Lakh 14India Today ,B.Tech
32,Chandigarh University (CU)4.,4.1,4.4,4.1,4.3,4.1,3.8,4725.0,₹ 11.68 Lakh65India Today ,,B.Tech
34,IIT Patna - Indian Institute of Technology4.,4.2,4.2,4.2,4.2,4.3,2.0,185.0,₹ 8.00 LakhNot RankedIndia Today ,,B.Tech
35,KL (Deemed to be University)4.,4.2,4.4,4.2,4.1,3.9,0.0,372.0,₹ 7.20 LakhNot RankedIndia Today ,,B.Tech
36,Kalasalingam Academy of Research and Education3.,3.8,3.9,4.0,3.9,4.0,0.0,478.0,₹ 7.40 LakhSalary ,₹ 6.75 Lakh Not RankedIndia Today ,B.Tech
38,SASTRA (Deemed to be University)4.,4.3,4.1,4.1,4.2,4.4,4.0,709.0,₹ 1.35 LakhSalary ,₹ 7.60 Lakh Not RankedIndia Today ,B.Tech
39,VNIT Nagpur - Visvesvaraya National Institute of Technology4.,3.8,4.1,4.0,4.4,4.1,0.0,382.0,₹ 5.00 LakhSalary ,₹ 8.27 Lakh 19India Today ,B.Tech
40,NIT Silchar - National Institute of Technology4.,4.1,4.1,3.9,4.4,4.2,0.0,366.0,₹ 5.00 LakhSalary ,₹ 10.00 Lakh 32India Today ,B.Tech
41,"Institute of Chemical Technology, Mumbai4.",4.1,4.3,4.6,4.4,4.5,0.0,78.0,"₹ 60,000Salary ",₹ 8.00 Lakh Not RankedIndia Today ,B.Tech
42,UPES4.,3.9,4.3,4.2,4.2,3.7,0.0,795.0,₹ 17.71 LakhSalary ,₹ 6.50 Lakh Not RankedIndia Today ,B.Tech
43,MNIT Jaipur - Malaviya National Institute of Technology4.,4.0,4.4,4.0,4.4,4.2,0.0,861.0,₹ 5.00 LakhSalary ,₹ 15.50 Lakh 18India Today ,B.Tech
44,NIT Durgapur - National Institute of Technology4.,4.0,3.8,3.9,4.3,4.1,0.0,646.0,₹ 5.00 LakhNot RankedIndia Today ,,B.Tech
45,NIT Delhi - National Institute of Technology3.,4.1,3.4,3.9,3.5,4.1,0.0,146.0,₹ 5.00 Lakh26India Today ,,B.Tech
46,SSN College of Engineering4.,4.4,4.7,4.3,4.7,4.5,0.0,159.0,₹ 2.00 LakhNot RankedIndia Today ,,B.Tech
47,"International Institute of Information Technology, Hyderabad4.",4.8,4.0,4.4,4.0,4.4,0.0,94.0,₹ 16.00 Lakh12India Today ,,B.Tech
48,"Birla Institute of Technology, Mesra3.",4.0,4.0,3.7,4.3,3.7,0.0,675.0,₹ 13.35 LakhSalary ,₹ 10.58 Lakh 16India Today ,B.Tech
49,IIEST Shibpur - Indian Institute of Engineering Science and Technology4.,3.8,3.8,4.2,4.5,4.2,0.0,372.0,₹ 5.00 LakhSalary ,₹ 8.50 Lakh Not RankedIndia Today ,B.Tech
50,LPU - Lovely Professional University4.,4.0,4.5,4.1,4.5,4.1,4.4,4434.0,₹ 11.20 LakhNot RankedIndia Today ,,B.Tech
51,IIST - Indian Institute of Space Science and Technology4.,3.7,4.3,4.4,3.6,4.6,0.0,57.0,₹ 6.25 LakhSalary ,₹ 10.50 Lakh Not RankedIndia Today ,B.Tech
52,Graphic Era Deemed to be University4.,3.9,4.3,4.3,4.2,3.9,4.0,759.0,₹ 14.80 LakhSalary ,₹ 7.25 Lakh Not RankedIndia Today ,B.Tech
53,"Saveetha Institute of Medical and Technical Sciences, Poonamallee4.",3.8,4.3,4.1,4.4,3.9,0.0,19.0,₹ 9.00 LakhSalary ,₹ 4.48 Lakh Not RankedIndia Today ,B.Tech
54,IIT Bhubaneswar - Indian Institute of Technology4.,4.0,4.3,4.3,4.2,4.2,0.0,111.0,₹ 8.00 LakhSalary ,₹ 11.30 Lakh Not RankedIndia Today ,B.Tech
55,NIT Patna - National Institute of Technology4.,4.2,3.9,4.2,4.1,4.3,0.0,666.0,₹ 5.00 LakhNot RankedIndia Today ,,B.Tech
57,Netaji Subhas University of Technology4.,4.2,3.8,3.8,4.0,4.1,0.0,980.0,₹ 3.95 Lakh8India Today ,,B.Tech
58,"National Institute of Technology, Jalandhar3.",3.9,3.9,3.7,4.0,3.9,0.0,755.0,₹ 2.50 Lakh29India Today ,,B.Tech
59,"Sardar Vallabhbhai National Institute of Technology, Surat4.",3.9,4.2,3.7,4.3,4.0,0.0,640.0,₹ 5.00 LakhSalary ,₹ 11.00 Lakh Not RankedIndia Today ,B.Tech
60,MNNIT Allahabad - Motilal Nehru National Institute of Technology4.,4.4,3.6,3.9,4.1,4.3,0.0,716.0,₹ 6.92 LakhSalary ,₹ 11.40 Lakh Not RankedIndia Today ,B.Tech
61,IIT Tirupati - Indian Institute of Technology4.,3.7,4.3,4.3,4.2,4.2,0.0,47.0,₹ 8.00 LakhSalary ,₹ 20.32 Lakh Not RankedIndia Today ,B.Tech
62,IIT Jammu - Indian Institute of Technology4.,4.0,4.3,4.1,4.1,4.3,0.0,69.0,₹ 8.00 LakhNot RankedIndia Today ,,B.Tech
64,"Manipal University, Jaipur4.",3.5,4.7,4.1,4.5,3.7,4.8,641.0,₹ 18.04 LakhSalary ,₹ 8.00 Lakh 52India Today ,B.Tech
64,IIT Palakkad - Indian Institute of Technology4.,3.9,3.9,4.0,4.0,4.0,0.0,35.0,₹ 8.00 LakhSalary ,₹ 12.00 Lakh Not RankedIndia Today ,B.Tech
66,Sathyabama Institute of Science and Technology3.,3.9,3.8,4.0,3.9,3.9,5.0,845.0,,,B.Tech
67,PSGCT Coimbatore4.,4.4,4.2,4.3,4.4,4.6,0.0,236.0,₹ 2.00 LakhSalary ,₹ 7.00 Lakh 30India Today ,B.Tech
68,NIT Meghalaya - National Institute of Technology3.,3.9,3.6,4.2,3.6,4.0,0.0,54.0,₹ 5.00 LakhNot RankedIndia Today ,,B.Tech
69,Visvesvaraya Technological University3.,3.3,3.6,4.1,4.0,4.3,0.0,56.0,₹ 1.35 LakhNot RankedIndia Today ,,B.Tech
70,UoH - University of Hyderabad4.,3.7,4.3,4.3,4.6,4.6,0.0,95.0,₹ 1.97 LakhSalary ,₹ 8.25 Lakh Not RankedIndia Today ,B.Tech
71,NIT Raipur - National Institute of Technology3.,3.9,3.4,3.9,4.0,4.0,0.0,575.0,₹ 5.00 LakhSalary ,₹ 8.00 Lakh Not RankedIndia Today ,B.Tech
72,MANIT - Maulana Azad National Institute of Technology4.,4.1,3.8,3.9,4.4,4.2,0.0,754.0,₹ 5.00 LakhSalary ,₹ 10.00 Lakh Not RankedIndia Today ,B.Tech
73,"Indian Institute of Technology , Bhilai4.",3.8,3.9,4.2,4.1,3.9,0.0,40.0,₹ 9.00 LakhNot RankedIndia Today ,,B.Tech
74,"International Institute of Information Technology, Bangalore4.",4.7,4.6,4.7,4.3,4.3,0.0,22.0,₹ 26.32 LakhSalary ,₹ 27.30 Lakh Not RankedIndia Today ,B.Tech
75,Ramaiah Institute of Technology4.,4.1,4.3,4.1,4.3,4.1,0.0,439.0,₹ 10.46 LakhSalary ,₹ 8.00 Lakh 25India Today ,B.Tech
76,Sant Longowal Institute of Engineering and Technology4.,3.4,4.3,3.9,4.2,4.4,0.0,275.0,,₹ 4.00 Lakh Not RankedIndia Today ,B.Tech
77,"College of Engineering, Pune4.",4.3,4.2,4.0,4.4,4.4,0.0,349.0,"₹ 68,000Salary ",₹ 9.75 Lakh 17India Today ,B.Tech
78,Banasthali Vidyapith4.,3.7,4.2,4.4,4.3,4.2,0.0,772.0,₹ 6.16 LakhSalary ,₹ 9.05 Lakh Not RankedIndia Today ,B.Tech
79,NIT Srinagar - National Institute of Technology3.,3.6,3.8,3.8,4.0,3.9,0.0,360.0,₹ 5.00 LakhSalary ,₹ 12.00 Lakh Not RankedIndia Today ,B.Tech
80,Rajiv Gandhi Institute of Petroleum Technology4.,3.7,4.4,4.1,3.9,3.9,0.0,112.0,₹ 10.77 LakhSalary ,₹ 7.98 Lakh Not RankedIndia Today ,B.Tech
81,NIT Kurukshetra - National Institute of Technology4.,4.0,4.0,3.8,4.3,4.2,0.0,648.0,₹ 5.00 LakhSalary ,₹ 10.00 Lakh Not RankedIndia Today ,B.Tech
82,"National Institute of Technology , Agartala4.",3.9,4.3,3.8,4.3,4.1,0.0,322.0,₹ 5.00 Lakh36India Today ,,B.Tech
83,SKCET - Sri Krishna College of Engineering and Technology4.,4.2,4.4,4.1,4.4,4.0,0.0,185.0,₹ 2.00 LakhSalary ,₹ 6.00 Lakh 140India Today ,B.Tech
84,Madan Mohan Malviya University of Technology3.,3.5,3.7,3.8,4.0,3.9,0.0,495.0,₹ 6.00 LakhNot RankedIndia Today ,,B.Tech
85,"Indraprastha Institute of Information Technology , Delhi4.",4.5,4.7,4.6,4.4,4.1,5.0,145.0,₹ 19.55 LakhSalary ,₹ 18.50 Lakh 15India Today ,B.Tech
86,Vel Tech Rangarajan Dr. Sagunthala R and D Institute of Science and Technology4.,3.9,4.1,4.0,4.1,4.1,0.0,496.0,₹ 10.00 Lakh90India Today ,,B.Tech
87,IIIT Allahabad - Indian Institute of Information Technology4.,4.7,4.4,4.0,4.2,4.5,0.0,240.0,₹ 6.48 LakhSalary ,₹ 30.00 Lakh 11India Today ,B.Tech
89,Guru Gobind Singh Indraprastha University3.,3.4,4.1,3.9,4.0,4.0,0.0,544.0,₹ 4.20 LakhNot RankedIndia Today ,,B.Tech
90,"Andhra University College of Engineering , Andhra University, Visakhapatnam4.",3.7,3.8,4.0,4.3,4.2,0.0,366.0,₹ 1.78 LakhSalary ,₹ 5.88 Lakh Not RankedIndia Today ,B.Tech
91,"Vignan's Foundation for Science, Technology and Research4.",3.9,4.1,4.1,4.3,3.9,0.0,800.0,₹ 14.40 LakhSalary ,₹ 6.96 Lakh 133India Today ,B.Tech
92,Shoolini University4.,4.0,4.5,4.4,4.5,4.1,4.5,553.0,₹ 10.40 LakhNot RankedIndia Today ,,B.Tech
93,Christ - Kengeri Campus4.,3.3,4.5,4.1,4.2,3.8,0.0,118.0,₹ 8.76 LakhSalary ,₹ 5.16 Lakh 73India Today ,B.Tech
94,"Chitkara University, Chandigarh4.",4.4,4.5,4.4,4.5,4.3,0.0,1354.0,₹ 7.20 LakhSalary ,₹ 8.50 Lakh Not RankedIndia Today ,B.Tech
95,"Jain Deemed-to-be University, Bangalore3.",3.9,3.9,4.1,4.1,3.7,4.2,566.0,₹ 7.80 LakhSalary ,₹ 7.78 Lakh Not RankedIndia Today ,B.Tech
96,C. V. Raman Global University4.,3.8,4.1,4.0,4.1,3.8,0.0,510.0,₹ 9.00 LakhSalary ,₹ 5.20 Lakh Not RankedIndia Today ,B.Tech
97,NIT Puducherry - National Institute of Technology3.,3.6,3.3,3.6,2.9,3.5,0.0,56.0,₹ 5.00 LakhSalary ,₹ 9.00 Lakh 49India Today ,B.Tech
98,SR University4.,3.8,4.2,4.1,4.2,3.8,0.0,221.0,₹ 4.37 LakhSalary ,₹ 10.00 Lakh Not RankedIndia Today ,B.Tech
99,R.V. College of Engineering4.,4.5,4.0,4.0,4.2,4.2,0.0,402.0,₹ 1.28 LakhSalary ,₹ 10.00 Lakh 27India Today ,B.Tech
100,Siddaganga Institute of Technology4.,4.0,4.1,3.9,4.0,3.9,0.0,318.0,₹ 3.86 LakhSalary ,₹ 8.00 Lakh Not RankedIndia Today ,B.Tech
150,"Amity University, Kolkata4.",3.4,4.5,4.2,4.4,3.7,0.0,194.0,₹ 8.56 LakhNot RankedIndia Today ,,B.Tech
150,"Amity University, Gurugram4.",4.1,4.6,4.4,4.4,4.1,0.0,476.0,₹ 12.60 LakhSalary ,₹ 3.60 Lakh 95India Today ,B.Tech
150,"Amity University, Jaipur4.",3.7,4.5,4.0,4.4,3.8,4.5,339.0,₹ 12.72 LakhSalary ,₹ 6.00 Lakh 113India Today ,B.Tech
150,Atal Bihari Vajpayee Indian Institute of Information Technology and Management3.,4.0,4.1,3.5,4.0,4.0,0.0,111.0,₹ 7.90 LakhNot RankedIndia Today ,,B.Tech
150,"Chandigarh Group of Colleges, Landran4.",4.3,4.2,4.1,4.4,4.2,0.0,1561.0,₹ 6.58 LakhNot RankedIndia Today ,,B.Tech
150,Chennai Institute of Technology4.,4.6,4.1,4.4,4.3,4.4,0.0,205.0,₹ 2.00 LakhNot RankedIndia Today ,,B.Tech
150,Coimbatore Institute of Technology4.,4.2,3.5,4.1,4.2,4.3,0.0,140.0,₹ 1.04 LakhSalary ,₹ 5.78 Lakh Not RankedIndia Today ,B.Tech
150,"College of Engineering, Trivandrum4.",4.3,4.3,4.1,4.7,4.7,0.0,209.0,"₹ 34,600Not RankedIndia Today ",,B.Tech
150,MIT-WPU4.,3.8,4.2,4.0,4.3,3.7,0.0,689.0,₹ 14.80 LakhSalary ,₹ 6.00 Lakh 66India Today ,B.Tech
150,Galgotias University4.,3.9,4.0,4.1,4.1,3.9,0.0,2064.0,₹ 6.16 LakhNot RankedIndia Today ,,B.Tech
150,"GITAM School of Technology, Visakhapatnam4.",3.9,4.4,3.9,4.3,3.7,0.0,675.0,₹ 12.21 LakhNot RankedIndia Today ,,B.Tech
150,GRIET Hyderabad4.,4.5,4.5,4.5,4.5,4.4,0.0,1267.0,₹ 5.20 LakhSalary ,₹ 6.00 Lakh 158India Today ,B.Tech
150,Hindustan Institute of Technology and Science3.,3.2,4.0,3.8,4.0,3.6,0.0,307.0,₹ 9.30 LakhSalary ,₹ 4.50 Lakh 76India Today ,B.Tech
150,"Indian Institute of Information Technology Design & Manufacturing , Kancheepuram4.",3.6,4.5,4.2,4.2,4.2,0.0,78.0,₹ 7.20 LakhNot RankedIndia Today ,,B.Tech
150,IIT Dharwad - Indian Institute of Technology3.,3.6,4.1,4.1,4.0,3.9,0.0,68.0,₹ 8.00 LakhSalary ,₹ 10.00 Lakh Not RankedIndia Today ,B.Tech
150,"Jawaharlal Nehru Technological University, Kakinada3.",3.5,3.6,3.8,4.0,4.1,0.0,393.0,₹ 1.80 LakhSalary ,₹ 4.46 Lakh Not RankedIndia Today ,B.Tech
150,Jaypee Institute of Information Technology3.,4.0,3.9,3.7,4.0,3.7,0.0,790.0,₹ 12.73 LakhSalary ,₹ 6.50 Lakh 56India Today ,B.Tech
150,Karunya Institute of Technology and Sciences4.,3.7,4.4,4.0,4.1,3.8,0.0,348.0,₹ 11.74 LakhSalary ,₹ 3.50 Lakh Not RankedIndia Today ,B.Tech
150,KEC - Kongu Engineering College4.,4.1,4.4,4.1,4.3,4.2,0.0,236.0,₹ 2.00 LakhSalary ,₹ 4.50 Lakh 89India Today ,B.Tech
150,KPR Institute of Engineering and Technology4.,4.3,4.6,4.4,4.5,4.4,0.0,155.0,,,B.Tech
150,Mahindra University4.,3.9,4.7,4.2,4.5,3.8,0.0,36.0,₹ 20.00 LakhNot RankedIndia Today ,,B.Tech
150,Manav Rachna International Institute of Research & Studies3.,3.4,4.3,4.0,4.0,3.7,0.0,391.0,₹ 8.02 LakhSalary ,₹ 4.25 Lakh Not RankedIndia Today ,B.Tech
150,MAKAUT - Maulana Abul Kalam Azad University of Technology3.,3.5,4.0,4.0,4.0,3.9,0.0,115.0,₹ 2.40 LakhSalary ,₹ 4.50 Lakh 83India Today ,B.Tech
150,Mepco Schlenk Engineering College3.,3.6,4.2,3.8,3.7,3.9,0.0,67.0,₹ 2.00 LakhSalary ,₹ 5.00 Lakh 122India Today ,B.Tech
150,NIT Arunachal Pradesh - National Institute of Technology3.,3.5,3.5,3.8,3.4,3.7,0.0,41.0,₹ 5.00 LakhNot RankedIndia Today ,,B.Tech
150,NIT Goa - National Institute of Technology3.,3.8,3.2,4.0,3.5,3.8,0.0,58.0,₹ 5.00 LakhNot RankedIndia Today ,,B.Tech
150,NIT Hamirpur - National Institute of Technology4.,3.7,4.3,3.8,4.5,4.1,0.0,439.0,₹ 7.69 Lakh22India Today ,,B.Tech
150,NIT Manipur - National Institute of Technology3.,3.3,2.8,3.5,3.5,3.6,0.0,41.0,₹ 5.00 LakhNot RankedIndia Today ,,B.Tech
150,NIT Mizoram - National Institute of Technology3.,4.0,3.0,4.0,2.9,4.0,0.0,82.0,₹ 5.00 LakhNot RankedIndia Today ,,B.Tech
150,"National Institute of Technology, Uttarakhand3.",3.1,2.6,3.7,3.4,3.4,0.0,82.0,₹ 5.00 Lakh33India Today ,,B.Tech
150,NIT Jamshedpur - National Institute of Technology4.,4.5,3.7,3.8,4.1,4.1,0.0,672.0,,₹ 9.50 Lakh Not RankedIndia Today ,B.Tech
150,NITTE Meenakshi Institute of Technology3.,3.8,3.9,4.0,4.1,3.8,0.0,370.0,₹ 9.00 Lakh64India Today ,,B.Tech
150,Noida Institute of Engineering and Technology (NIET)4.,4.1,3.8,4.2,3.8,4.1,0.0,1680.0,₹ 4.74 LakhSalary ,₹ 4.52 Lakh Not RankedIndia Today ,B.Tech
150,IIITDM Jabalpur - Indian Institute of Information Technology Design and Manufacturing4.,3.9,4.2,4.0,4.2,4.3,0.0,237.0,₹ 5.74 LakhNot RankedIndia Today ,,B.Tech
150,Panjab University3.,3.4,3.7,3.9,4.2,4.1,4.6,963.0,"₹ 99,710Salary ",,B.Tech
150,PES University4.,4.1,4.1,4.0,3.9,3.9,0.0,462.0,₹ 18.00 LakhSalary ,₹ 8.00 Lakh Not RankedIndia Today ,B.Tech
150,PSG Institute of Technology and Applied Research4.,4.2,4.6,4.2,4.0,4.4,0.0,28.0,₹ 2.00 LakhSalary ,₹ 5.00 Lakh Not RankedIndia Today ,B.Tech
150,"Punjab Engineering College, Chandigarh3.",4.1,3.5,3.7,4.3,4.0,0.0,370.0,₹ 7.04 LakhSalary ,₹ 12.00 Lakh Not RankedIndia Today ,B.Tech
150,Rajalakshmi Engineering College4.,4.4,4.2,4.4,4.5,4.3,0.0,428.0,,₹ 4.71 Lakh 97India Today ,B.Tech
150,Sharda University4.,3.4,4.4,4.0,4.4,3.7,0.0,575.0,₹ 12.55 LakhSalary ,₹ 3.35 Lakh Not RankedIndia Today ,B.Tech
150,Sri Sairam Engineering College4.,4.2,4.2,4.3,4.1,4.0,0.0,241.0,₹ 2.00 LakhSalary ,₹ 4.60 Lakh 75India Today ,B.Tech
150,The NorthCap University4.,3.7,4.3,4.1,4.1,3.6,0.0,342.0,₹ 9.89 LakhSalary ,₹ 5.20 Lakh Not RankedIndia Today ,B.Tech
150,Thiagarajar College of Engineering4.,4.2,4.2,4.3,4.5,4.5,0.0,171.0,"₹ 34,400Salary ",₹ 6.33 Lakh 53India Today ,B.Tech
150,"University College of Engineering, Adikavi Nannaya University3.",3.3,3.5,4.3,5.0,4.0,5.0,3.0,₹ 1.40 LakhSalary ,₹ 4.80 Lakh Not RankedIndia Today ,B.Tech
150,Veermata Jijabai Technological Institute - VJTI Mumbai4.,4.5,3.4,3.8,4.3,4.4,0.0,263.0,"₹ 60,000Not RankedIndia Today ",,B.Tech
150,"VELS Institute of Science, Technology and Advanced Studies (VISTAS)3.",3.6,3.8,4.0,4.1,3.8,0.0,140.0,₹ 4.64 Lakh198India Today ,,B.Tech
200,Annamalai University3.,3.1,3.7,4.0,3.9,3.9,5.0,152.0,₹ 2.00 LakhSalary ,₹ 3.83 Lakh Not RankedIndia Today ,B.Tech
200,Crescent School of Life Sciences (B.S.Abdur Rahman University)4.,4.1,4.5,4.7,4.6,4.5,0.0,32.0,₹ 1.50 LakhSalary ,₹ 4.25 Lakh Not RankedIndia Today ,B.Tech
200,Anurag University4.,4.1,4.4,4.2,4.2,4.0,0.0,564.0,₹ 11.40 Lakh167India Today ,,B.Tech
200,BMS College of Engineering4.,4.2,4.1,4.2,4.4,4.3,0.0,401.0,₹ 10.46 LakhSalary ,₹ 9.00 Lakh 24India Today ,B.Tech
200,Vishwakarma Institute of Information Technology3.,4.0,3.7,4.2,3.9,3.8,0.0,412.0,₹ 6.19 LakhSalary ,₹ 6.40 Lakh Not RankedIndia Today ,B.Tech
200,Bharati Vidyapeeths College of Engineering4.,4.3,4.3,5.0,4.7,4.0,0.0,3.0,₹ 3.48 LakhSalary ,₹ 5.38 Lakh Not RankedIndia Today ,B.Tech
200,"CMR Institute of Technology, Bangalore4.",4.1,4.1,4.2,4.1,4.0,0.0,466.0,₹ 3.86 Lakh116India Today ,,B.Tech
200,"Chaitanya Bharathi Institute of Technology, Hyderabad4.",4.2,3.9,4.1,4.4,4.0,0.0,620.0,₹ 5.60 LakhSalary ,₹ 6.30 Lakh 62India Today ,B.Tech
200,CVR College of Engineering4.,4.4,4.2,4.3,4.2,4.2,0.0,566.0,₹ 6.00 LakhSalary ,₹ 4.50 Lakh 91India Today ,B.Tech
200,Dayalbagh Educational Institute [DEI]4.,3.6,3.7,4.2,3.9,4.7,5.0,436.0,"₹ 27,840Salary ",₹ 5.20 Lakh Not RankedIndia Today ,B.Tech
200,Dr. D. Y. Patil Institute Of Technology4.,4.3,4.3,4.3,4.1,4.3,0.0,265.0,₹ 3.60 LakhNot RankedIndia Today ,,B.Tech
200,SRM Easwari Engineering College4.,4.3,4.2,4.4,4.5,4.1,0.0,223.0,₹ 2.00 LakhSalary ,₹ 5.28 Lakh 125India Today ,B.Tech
200,"G.H. Raisoni College of Engineering, Nagpur3.",3.8,4.0,4.1,4.0,3.9,0.0,468.0,₹ 6.81 Lakh120India Today ,,B.Tech
200,GLA University4.,4.1,4.2,4.2,4.1,4.0,0.0,1412.0,₹ 8.48 LakhNot RankedIndia Today ,,B.Tech
200,G.L. Bajaj Institute of Technology and Management4.,4.2,4.0,4.1,3.9,4.1,0.0,1202.0,₹ 2.45 LakhSalary ,₹ 4.50 Lakh Not RankedIndia Today ,B.Tech
200,"IIIT Guwahati - Indian Institute of Information Technology, Assam4.",4.3,3.8,4.3,3.6,3.8,0.0,107.0,₹ 11.00 LakhSalary ,₹ 12.00 Lakh Not RankedIndia Today ,B.Tech
200,Indira Gandhi Delhi Technical University for Women (IGDTUW)4.,4.4,3.4,4.0,3.9,4.3,0.0,257.0,₹ 5.24 Lakh21India Today ,,B.Tech
200,Institute of Aeronautical Engineering4.,4.0,4.0,4.0,4.1,4.0,0.0,564.0,₹ 3.60 LakhSalary ,₹ 4.50 Lakh 86India Today ,B.Tech
200,Institute of Engineering and Management3.,4.2,3.4,4.2,3.5,4.1,0.0,638.0,₹ 4.17 LakhSalary ,₹ 6.00 Lakh Not RankedIndia Today ,B.Tech
200,"J. C. Bose University of Science and Technology, YMCA3.",3.6,3.2,3.7,3.5,4.0,0.0,768.0,₹ 2.97 LakhSalary ,₹ 6.00 Lakh Not RankedIndia Today ,B.Tech
200,"Rajarshi Shahu College of Engineering, Pune4.",4.1,4.0,4.4,4.0,4.0,0.0,387.0,₹ 6.20 LakhNot RankedIndia Today ,,B.Tech
200,KIET Group of Institutions4.,4.1,4.2,4.2,4.1,4.1,0.0,1459.0,₹ 4.48 LakhNot RankedIndia Today ,,B.Tech
200,KLE Technological University4.,4.2,4.4,4.2,4.5,4.2,0.0,225.0,₹ 8.20 LakhNot RankedIndia Today ,,B.Tech
200,Kumaraguru College of Technology4.,4.0,4.5,4.0,4.6,4.2,0.0,141.0,,,B.Tech
200,"Maharishi Markandeshwar University, Mullana4.",3.9,4.3,4.3,4.3,4.1,0.0,579.0,₹ 5.14 Lakh166India Today ,,B.Tech
200,Maulana Azad National Urdu University4.,3.5,4.6,4.4,4.5,4.6,0.0,42.0,"₹ 32,400Salary ",₹ 4.00 Lakh Not RankedIndia Today ,B.Tech
200,National Engineering College4.,4.3,4.3,4.2,4.3,4.4,0.0,40.0,₹ 2.00 LakhSalary ,₹ 4.02 Lakh Not RankedIndia Today ,B.Tech
200,National Institute of Advanced Manufacturing Technology4.,4.3,4.2,4.0,3.8,4.6,0.0,116.0,₹ 1.42 LakhSalary ,₹ 6.70 Lakh Not RankedIndia Today ,B.Tech
200,NIFTEM - National Institute of Food Technology Entrepreneurship and Management4.,3.8,4.6,3.9,4.0,3.8,0.0,69.0,₹ 6.06 LakhSalary ,₹ 7.00 Lakh Not RankedIndia Today ,B.Tech
200,"National Institute of Technology , Nagaland3.",3.7,3.9,3.9,4.0,4.0,0.0,38.0,₹ 5.00 LakhNot RankedIndia Today ,,B.Tech
200,"National Institute of Technology , Sikkim3.",3.9,3.6,4.0,3.9,4.0,0.0,47.0,₹ 5.00 LakhNot RankedIndia Today ,,B.Tech
200,NHCE Bangalore - New Horizon College of Engineering4.,4.1,4.3,4.1,4.3,3.9,0.0,209.0,₹ 15.00 LakhNot RankedIndia Today ,,B.Tech
200,NMAM Institute of Technology4.,3.9,4.0,4.2,4.1,3.9,0.0,52.0,₹ 3.34 LakhSalary ,₹ 4.50 Lakh Not RankedIndia Today ,B.Tech
200,North Eastern Regional Institute of Science and Technology3.,2.9,3.3,3.6,3.9,4.4,0.0,44.0,"₹ 46,930Salary ",₹ 4.50 Lakh Not RankedIndia Today ,B.Tech
200,R.M.K. Engineering College4.,4.1,4.3,4.1,3.9,4.1,0.0,220.0,₹ 2.00 LakhSalary ,₹ 5.00 Lakh 72India Today ,B.Tech
200,Rajalakshmi Institute of Technology4.,4.6,4.3,4.5,4.4,4.4,0.0,269.0,,₹ 5.16 Lakh Not RankedIndia Today ,B.Tech
200,Shri Mata Vaishno Devi University3.,3.3,4.2,3.7,4.0,3.7,0.0,113.0,,₹ 5.50 Lakh Not RankedIndia Today ,B.Tech
200,Sona College of Technology4.,3.8,4.3,4.2,4.4,3.9,0.0,101.0,,,B.Tech
200,Sri Krishna College of Technology [SKCT]4.,4.2,4.5,4.2,4.4,4.1,0.0,152.0,₹ 2.00 LakhSalary ,₹ 4.50 Lakh 210India Today ,B.Tech
200,Sri Ramakrishna Engineering College4.,4.0,3.6,4.0,4.1,4.1,0.0,140.0,₹ 3.00 LakhNot RankedIndia Today ,,B.Tech
200,Sri Venkateswara College of Engineering3.,3.5,3.3,3.4,3.7,3.6,0.0,10.0,₹ 1.88 LakhSalary ,₹ 3.50 Lakh Not RankedIndia Today ,B.Tech
200,Tezpur University4.,3.1,4.4,4.0,4.4,4.2,0.0,163.0,₹ 1.20 LakhSalary ,₹ 5.50 Lakh Not RankedIndia Today ,B.Tech
200,The National Institute of Engineering4.,4.1,4.0,4.3,4.1,4.3,0.0,122.0,₹ 2.83 LakhSalary ,₹ 7.50 Lakh Not RankedIndia Today ,B.Tech
200,VNR Vignana Jyothi Institute of Engineering and Technology4.,4.4,4.4,4.3,4.4,4.3,0.0,799.0,₹ 5.40 LakhSalary ,₹ 5.50 Lakh 153India Today ,B.Tech
200,Vardhaman College of Engineering4.,4.0,4.4,4.0,4.1,4.0,0.0,405.0,₹ 5.60 LakhSalary ,₹ 6.25 Lakh Not RankedIndia Today ,B.Tech
200,Veer Surendra Sai University of Technology4.,3.8,3.7,3.9,4.2,4.3,0.0,375.0,₹ 1.52 LakhNot RankedIndia Today ,,B.Tech
200,Velagapudi Ramakrishna Siddhartha Engineering College4.,4.3,4.2,4.3,4.4,4.3,0.0,641.0,₹ 2.91 LakhSalary ,₹ 4.00 Lakh 143India Today ,B.Tech
200,"Vignan’s Foundation for Science, Technology and Research, Hyderabad4.",3.9,4.1,3.9,4.2,3.9,0.0,180.0,₹ 14.40 Lakh110India Today ,,B.Tech
200,"Yeshwantrao Chavan College of Engineering, Nagar Yuwak Shikshan Sanstha3.",3.7,4.0,3.9,4.1,3.7,0.0,409.0,₹ 5.57 LakhSalary ,₹ 5.00 Lakh 141India Today ,B.Tech
200,ABES Engineering College4.,4.0,4.2,4.1,4.0,4.0,0.0,1218.0,₹ 2.45 LakhNot RankedIndia Today ,,B.Tech
250,Aditya University4.,3.9,4.3,4.1,4.4,4.1,0.0,538.0,₹ 2.40 LakhSalary ,₹ 4.50 Lakh 257India Today ,B.Tech
250,Aditya Institute of Technology and Management4.,3.8,4.1,4.1,4.2,3.9,0.0,277.0,₹ 3.18 Lakh275India Today ,,B.Tech
250,"Amity University, Gwalior4.",4.0,4.6,4.3,4.4,4.1,5.0,318.0,₹ 11.04 LakhSalary ,₹ 5.91 Lakh 130India Today ,B.Tech
250,Army Institute of Technology4.,4.4,3.9,3.9,4.3,4.0,0.0,302.0,₹ 6.76 LakhSalary ,₹ 12.00 Lakh 55India Today ,B.Tech
250,"Bharati Vidyapeeth College of Engineering, Delhi3.",3.5,3.9,3.7,3.9,3.8,0.0,289.0,₹ 4.69 LakhSalary ,₹ 6.00 Lakh Not RankedIndia Today ,B.Tech
250,Sardar Patel Institute of Technology4.,4.5,3.8,3.9,4.3,4.1,0.0,116.0,₹ 6.09 LakhSalary ,₹ 11.92 Lakh Not RankedIndia Today ,B.Tech
250,"Birsa Institute of Technology, Sindri4.",3.8,3.7,3.9,4.1,4.7,0.0,568.0,"₹ 16,900Not RankedIndia Today ",,B.Tech
250,BMS Institute of Technology and Management4.,4.0,4.1,4.0,4.1,4.1,0.0,242.0,₹ 6.00 LakhNot RankedIndia Today ,,B.Tech
250,"Centurion University of Technology and Management, Paralakhemundi3.",3.7,3.9,4.0,4.0,3.8,0.0,836.0,₹ 6.00 LakhSalary ,₹ 4.00 Lakh Not RankedIndia Today ,B.Tech
250,"Chandigarh Group of Colleges, Jhanjeri4.",4.3,4.3,4.4,4.4,4.3,0.0,1093.0,₹ 6.58 Lakh191India Today ,,B.Tech
250,CMR College of  Engineering and Technology4.,4.1,4.2,4.1,4.3,4.0,0.0,611.0,₹ 4.60 Lakh126India Today ,,B.Tech
250,CMR Engineering College4.,4.3,4.4,4.3,4.4,4.3,0.0,373.0,₹ 3.00 LakhSalary ,₹ 4.53 Lakh Not RankedIndia Today ,B.Tech
250,CMR Institute of Technology4.,4.2,4.1,4.2,4.3,4.1,0.0,407.0,₹ 4.40 Lakh175India Today ,,B.Tech
250,College of Engineering Bhubaneswar3.,2.8,3.2,3.4,3.2,3.1,0.0,91.0,,,B.Tech
250,Dayananda Sagar College Of Engineering4.,3.9,4.3,3.9,4.5,3.7,0.0,599.0,₹ 10.46 LakhSalary ,₹ 4.50 Lakh 114India Today ,B.Tech
250,Dhirubhai Ambani Institute of Information and Communication Technology4.,4.6,4.3,4.3,4.6,4.4,0.0,140.0,₹ 6.00 LakhSalary ,₹ 8.80 Lakh Not RankedIndia Today ,B.Tech
250,DIT University3.,3.6,4.1,3.8,4.1,3.6,0.0,542.0,₹ 8.99 LakhSalary ,₹ 6.00 Lakh Not RankedIndia Today ,B.Tech
250,Dr. M.G.R. Educational and Research Institute3.,3.4,4.0,3.9,4.0,3.7,5.0,253.0,₹ 2.80 LakhSalary ,₹ 6.90 Lakh Not RankedIndia Today ,B.Tech
250,E.G.S. Pillay Engineering College3.,3.4,3.6,3.8,4.0,3.7,0.0,44.0,₹ 2.00 LakhSalary ,₹ 3.45 Lakh Not RankedIndia Today ,B.Tech
250,Galgotias College of Engineering and Technology4.,4.0,4.0,4.1,4.2,4.1,0.0,646.0,₹ 2.45 LakhSalary ,₹ 4.25 Lakh 60India Today ,B.Tech
250,Gandhi Engineering College3.,3.2,3.8,3.8,3.6,3.5,0.0,122.0,₹ 4.00 LakhNot RankedIndia Today ,,B.Tech
250,GITA - Gandhi Institute for Technological Advancement4.,3.8,4.0,4.2,4.1,4.1,0.0,299.0,,₹ 5.75 Lakh Not RankedIndia Today ,B.Tech
250,GIET University4.,3.9,4.2,4.2,4.2,3.9,0.0,504.0,₹ 7.92 LakhSalary ,₹ 4.80 Lakh Not RankedIndia Today ,B.Tech
250,GMR Institute of Technology - GMRIT4.,3.8,4.3,4.0,4.3,3.9,0.0,613.0,₹ 3.11 Lakh107India Today ,,B.Tech
250,Godavari Institute of Engineering and Technology4.,3.9,4.0,4.0,4.2,3.9,0.0,509.0,₹ 8.80 LakhNot RankedIndia Today ,,B.Tech
250,Government College of Technology (GCT)4.,4.0,3.6,4.2,4.3,4.7,0.0,126.0,₹ 2.00 LakhSalary ,₹ 6.00 Lakh Not RankedIndia Today ,B.Tech
250,"Government Engineering College, Thrissur4.",4.2,4.3,4.2,4.7,4.7,0.0,129.0,"₹ 34,600Salary ",₹ 6.50 Lakh Not RankedIndia Today ,B.Tech
250,Haldia Institute of Technology4.,3.8,4.2,4.0,4.4,4.2,0.0,781.0,₹ 4.84 LakhNot RankedIndia Today ,,B.Tech
250,Hindusthan College of Engineering and Technology4.,3.8,4.0,4.1,4.4,4.0,0.0,154.0,₹ 4.00 Lakh200India Today ,,B.Tech
250,IES College of Technology4.,3.9,4.1,4.0,3.8,4.1,0.0,126.0,₹ 1.20 Lakh128India Today ,,B.Tech
250,Indian Institute of Petroleum and Energy4.,4.3,4.0,4.4,3.4,4.5,0.0,29.0,₹ 6.00 LakhNot RankedIndia Today ,,B.Tech
250,Institute of Infrastructure Technology Research and Management3.,3.6,3.9,4.1,3.3,3.9,0.0,58.0,₹ 5.88 LakhSalary ,₹ 4.12 Lakh Not RankedIndia Today ,B.Tech
250,Integral University - IUL4.,3.5,4.3,4.1,4.2,3.9,0.0,363.0,₹ 6.00 LakhSalary ,₹ 3.50 Lakh 203India Today ,B.Tech
250,"International Institute of Information Technology, Bhubaneswar3.",3.9,3.9,3.8,4.0,3.7,0.0,178.0,₹ 7.74 LakhNot RankedIndia Today ,,B.Tech
250,Jamia Hamdard3.,3.3,3.9,4.0,4.0,3.6,0.0,279.0,₹ 8.00 LakhSalary ,₹ 4.87 Lakh Not RankedIndia Today ,B.Tech
250,Jaypee University of Information Technology3.,3.4,4.3,3.7,3.9,3.5,0.0,208.0,₹ 12.86 LakhSalary ,₹ 5.00 Lakh Not RankedIndia Today ,B.Tech
250,JIS College of Engineering4.,3.8,4.2,4.3,4.3,4.0,0.0,617.0,₹ 5.50 LakhSalary ,₹ 5.10 Lakh 139India Today ,B.Tech
250,"JSS Academy of Technical Education, JSS Mahavidyapeetha, Noida3.",3.3,3.8,3.7,3.9,3.7,0.0,601.0,₹ 2.45 LakhSalary ,₹ 4.50 Lakh Not RankedIndia Today ,B.Tech
250,JSS Science and Technology University4.,4.1,4.1,4.0,4.5,4.3,0.0,191.0,₹ 3.86 LakhSalary ,₹ 7.20 Lakh 57India Today ,B.Tech
250,K J Somaiya School of Engineering4.,4.1,4.3,3.8,4.4,3.9,0.0,210.0,₹ 21.98 Lakh50India Today ,,B.Tech
250,KRCE - K Ramakrishnan College of Engineering3.,3.7,3.7,3.9,4.0,3.7,0.0,82.0,₹ 2.00 LakhSalary ,₹ 4.50 Lakh 188India Today ,B.Tech
250,K. Ramakrishnan College of Technology4.,4.0,4.2,4.2,4.3,4.1,0.0,25.0,₹ 2.00 LakhSalary ,₹ 5.12 Lakh 247India Today ,B.Tech
250,KSR Educational Institutions3.,3.5,4.1,3.8,4.1,3.8,0.0,149.0,₹ 2.00 LakhSalary ,₹ 4.00 Lakh Not RankedIndia Today ,B.Tech
250,Kakatiya Institute of Technology and Science4.,4.0,4.3,4.1,4.3,4.1,0.0,478.0,₹ 5.00 LakhSalary ,₹ 4.00 Lakh Not RankedIndia Today ,B.Tech
250,KalaignarKarunanidhi Institute of Technology - KIT4.,4.5,4.5,4.5,4.3,4.4,0.0,116.0,₹ 2.00 Lakh187India Today ,,B.Tech
250,Karpagam College of Engineering3.,4.1,3.8,3.9,4.0,3.9,0.0,131.0,₹ 2.00 LakhSalary ,₹ 3.15 Lakh Not RankedIndia Today ,B.Tech
250,KCG College of Technology4.,3.9,4.1,4.2,4.2,4.1,0.0,168.0,₹ 2.20 LakhSalary ,₹ 4.30 Lakh 156India Today ,B.Tech
250,Lakireddy Bali Reddy College of Engineering4.,3.8,4.3,4.1,4.3,4.1,0.0,295.0,₹ 3.14 LakhSalary ,₹ 4.00 Lakh 258India Today ,B.Tech
250,"Lakshmi Narain College of Technology, Bhopal4.",4.2,4.0,3.9,4.0,4.0,0.0,876.0,₹ 2.65 LakhSalary ,₹ 5.61 Lakh 77India Today ,B.Tech
300,M.Kumarasamy College of Engineering4.,4.2,3.8,4.2,4.1,4.1,0.0,51.0,₹ 2.00 LakhSalary ,₹ 3.77 Lakh 190India Today ,B.Tech
300,Madanapalle Institute of Technology and Science4.,4.3,4.3,4.4,4.4,4.2,0.0,554.0,₹ 2.71 LakhSalary ,₹ 5.10 Lakh 205India Today ,B.Tech
300,Maharaja Agrasen Institute of Technology3.,3.6,3.7,3.8,3.7,3.8,0.0,908.0,₹ 5.53 LakhSalary ,₹ 8.25 Lakh 43India Today ,B.Tech
300,MSU - The Maharaja Sayajirao University of Baroda4.,3.8,4.0,4.2,4.3,4.4,5.0,677.0,"₹ 37,760Salary ",₹ 3.73 Lakh Not RankedIndia Today ,B.Tech
300,Maharaja Surajmal Institute of Technology3.,4.0,3.5,4.0,3.8,4.0,0.0,680.0,₹ 4.69 Lakh38India Today ,,B.Tech
300,"Cummins College of Engineering for Women, Pune4.",4.5,3.9,4.1,4.2,4.1,0.0,94.0,₹ 5.77 LakhSalary ,₹ 8.00 Lakh 69India Today ,B.Tech
300,Malla Reddy Engineering College4.,4.0,4.2,4.1,4.3,4.0,0.0,488.0,₹ 4.60 LakhSalary ,₹ 4.00 Lakh Not RankedIndia Today ,B.Tech
300,Manav Rachna University [MRU]3.,3.7,4.3,4.0,4.1,3.7,0.0,260.0,₹ 7.28 LakhSalary ,₹ 4.25 Lakh Not RankedIndia Today ,B.Tech
300,MLR Institute of Technology4.,4.3,4.5,4.3,4.5,4.2,0.0,523.0,₹ 4.40 Lakh181India Today ,,B.Tech
300,Narasaraopeta Engineering College (Autonomous)3.,3.7,4.1,4.0,4.1,3.8,0.0,242.0,₹ 2.95 Lakh216India Today ,,B.Tech
300,NIT - Narula Institute of Technology4.,4.1,4.1,4.3,4.3,4.1,0.0,667.0,₹ 7.00 LakhSalary ,₹ 5.00 Lakh 241India Today ,B.Tech
300,PES College of Engineering3.,3.6,4.0,3.9,4.1,3.9,0.0,171.0,₹ 7.44 LakhSalary ,₹ 4.50 Lakh 117India Today ,B.Tech
300,"DY Patil University, Navi Mumbai4.",4.1,4.5,4.0,4.5,4.1,3.4,293.0,₹ 9.20 LakhSalary ,₹ 6.40 Lakh Not RankedIndia Today ,B.Tech
300,Panimalar Engineering College3.,3.6,4.3,3.8,3.2,3.8,0.0,409.0,₹ 2.00 LakhSalary ,₹ 4.00 Lakh Not RankedIndia Today ,B.Tech
300,Pondicherry Engineering College - PEC4.,3.9,3.8,4.1,4.1,4.0,0.0,144.0,₹ 1.28 LakhSalary ,₹ 5.00 Lakh Not RankedIndia Today ,B.Tech
300,Prasad V Potluri Siddhartha Institute of Technology4.,4.0,3.9,4.2,4.1,4.0,0.0,187.0,₹ 4.20 LakhSalary ,₹ 4.00 Lakh 172India Today ,B.Tech
300,Prince Shri Venkateshwara Padmavathy Engineering College3.,3.4,3.4,4.1,3.3,3.8,0.0,18.0,₹ 2.00 LakhSalary ,₹ 4.00 Lakh Not RankedIndia Today ,B.Tech
300,PSNA College of Engineering and Technology4.,4.0,4.2,4.1,4.2,4.0,0.0,131.0,₹ 2.00 LakhNot RankedIndia Today ,,B.Tech
300,QIS College of Engineering & Technology3.,3.5,3.7,3.9,4.1,3.7,0.0,174.0,₹ 3.50 LakhSalary ,₹ 5.50 Lakh Not RankedIndia Today ,B.Tech
300,R.M.K. College of Engineering and Technology3.,3.7,3.9,3.9,3.4,3.8,0.0,30.0,₹ 2.00 LakhSalary ,₹ 4.75 Lakh Not RankedIndia Today ,B.Tech
300,R.M.D. Engineering College4.,4.2,4.1,4.1,3.8,4.1,0.0,49.0,₹ 2.00 LakhSalary ,₹ 4.80 Lakh 123India Today ,B.Tech
300,RVR and JC College of Engineering4.,4.1,4.3,4.3,4.4,4.3,0.0,594.0,₹ 4.20 LakhSalary ,₹ 4.00 Lakh 161India Today ,B.Tech
300,Rabindranath Tagore University3.,3.5,4.0,4.1,3.8,3.7,0.0,40.0,₹ 1.80 LakhSalary ,₹ 5.85 Lakh Not RankedIndia Today ,B.Tech
300,Rajeev Gandhi Memorial College of Engineering and Technology3.,3.3,3.9,3.8,4.0,3.6,0.0,275.0,₹ 2.38 LakhSalary ,₹ 4.25 Lakh 195India Today ,B.Tech
300,Rathinam Technical Campus4.,4.3,4.2,4.3,4.3,4.2,0.0,32.0,,,B.Tech
300,REVA University4.,3.8,4.6,4.1,4.4,4.0,0.0,688.0,,,B.Tech
300,"Saveetha Engineering College, Chennai4.",4.1,4.3,4.1,4.3,3.9,0.0,372.0,,,B.Tech
300,Shri G. S. Institute of Technology and Science3.,3.8,3.5,3.9,3.9,4.1,0.0,436.0,₹ 2.68 LakhSalary ,₹ 7.00 Lakh Not RankedIndia Today ,B.Tech
300,Ramdeobaba University4.,4.1,3.9,4.1,4.2,4.0,0.0,433.0,₹ 6.96 Lakh48India Today ,,B.Tech
300,Dwarkadas J. Sanghvi College of Engineering4.,4.0,4.2,4.0,4.3,3.9,0.0,202.0,₹ 7.65 LakhSalary ,₹ 8.10 Lakh 28India Today ,B.Tech
300,"SMIT - Sikkim Manipal Institute of Technology, Sikkim Manipal University4.",3.9,4.4,4.1,4.2,3.9,0.0,258.0,₹ 14.42 Lakh45India Today ,,B.Tech
300,"Silicon Institute of Technology, Bhubaneswar4.",4.0,3.9,4.3,4.0,4.1,0.0,218.0,₹ 4.23 LakhNot RankedIndia Today ,,B.Tech
300,"SNS College of Technology, SNS Group of Institutions4.",4.0,4.1,4.3,4.3,4.1,0.0,204.0,₹ 2.00 Lakh183India Today ,,B.Tech
300,SNIST - Sreenidhi Institute of Science and Technology4.,3.9,4.0,4.0,4.2,3.7,0.0,973.0,₹ 5.20 LakhSalary ,₹ 4.43 Lakh 104India Today ,B.Tech
300,SECE - Sri Eshwar College of Engineering4.,4.5,4.1,4.2,4.0,4.1,0.0,61.0,₹ 2.00 LakhSalary ,₹ 3.50 Lakh Not RankedIndia Today ,B.Tech
300,Sri Manakula Vinayagar Engineering College - SMVEC3.,4.1,3.8,4.1,3.9,3.8,0.0,132.0,₹ 1.70 LakhSalary ,₹ 5.05 Lakh 213India Today ,B.Tech
300,"Sri Venkateswara College of Engineering and Technology, Chittoor3.",3.4,3.8,3.8,4.1,3.7,0.0,223.0,₹ 1.92 LakhSalary ,₹ 4.97 Lakh Not RankedIndia Today ,B.Tech
300,"Sri Venkateswara College of Engineering, Tirupati4.",4.1,4.4,4.2,4.4,4.2,0.0,404.0,₹ 2.98 LakhSalary ,₹ 4.92 Lakh 88India Today ,B.Tech
300,St. Joseph's College of Engineering3.,3.8,3.9,3.8,3.7,3.7,0.0,151.0,₹ 2.00 LakhNot RankedIndia Today ,,B.Tech
300,The LNM Institute of Information Technology4.,4.2,4.2,3.8,4.4,4.0,0.0,654.0,₹ 16.90 LakhSalary ,₹ 9.75 Lakh 51India Today ,B.Tech
300,North Maharashtra University3.,3.0,3.7,3.8,3.6,3.8,0.0,66.0,,₹ 3.69 Lakh Not RankedIndia Today ,B.Tech
300,Vasavi College of Engineering - VCE4.,4.6,4.3,4.5,4.4,4.4,0.0,699.0,₹  5.60 LakhSalary ,₹ 7.60 Lakh Not RankedIndia Today ,B.Tech
300,Vidya Jyothi Institute of Technology4.,3.9,4.1,4.1,4.2,4.0,0.0,323.0,₹  4.60 LakhSalary ,₹ 4.11 Lakh 159India Today ,B.Tech
300,Vignan's Institute of Information Technology4.,4.1,4.2,4.1,4.3,4.1,0.0,881.0,₹  2.75 LakhSalary ,₹ 4.25 Lakh Not RankedIndia Today ,B.Tech
1,"All India Institute of Medical Sciences, Delhi4.",4.5,4.4,4.6,4.7,4.7,0.0,68.0,"₹ 6,0751India Today ",,Medical
2,"Postgraduate Institute of Medical Education and Research, Chandigarh4.",3.7,4.1,4.6,4.6,4.8,0.0,9.0,,₹ 9.00 Lakh Not RankedIndia Today ,Medical
3,"Christian Medical College, Vellore4.",4.5,4.7,4.5,4.6,4.5,4.0,31.0,"₹ 13,500Salary ",₹ 4.34 Lakh 3India Today ,Medical
4,National Institute of Mental Health and Neurosciences4.,4.2,4.3,4.0,3.8,3.8,0.0,6.0,"₹ 12,200Not RankedIndia Today ",,Medical
5,JIPMER Puducherry - Jawaharlal Institute of Postgraduate Medical Education and Research4.,4.3,4.4,4.5,4.5,4.8,0.0,43.0,"₹ 30,465Salary ",₹ 12.00 Lakh 2India Today ,Medical
6,Sanjay Gandhi Postgraduate Institute of Medical Sciences4.,4.0,5.0,3.0,4.0,4.0,0.0,,₹ 1.05 LakhSalary ,₹ 28.00 Lakh Not RankedIndia Today ,Medical
7,Banaras Hindu University4.,3.8,4.2,4.2,4.5,4.6,0.0,1565.0,,,Medical
8,"Amrita Center for Nanoscience and Molecular Medicine, Amrita Vishwa Vidyapeetham - Kochi Campus3.",3.3,4.3,4.0,3.7,4.3,0.0,3.0,₹ 3.85 LakhNot RankedIndia Today ,,Medical
9,"Kasturba Medical College, Manipal, Manipal Academy of Higher Education4.",4.5,4.6,4.6,4.7,4.4,0.0,43.0,₹ 11.42 LakhSalary ,₹ 11.75 Lakh 12India Today ,Medical
10,"Madras Medical College, Chennai4.",4.0,4.2,4.3,4.1,4.4,0.0,25.0,"₹ 68,018Salary ",₹ 9.10 Lakh Not RankedIndia Today ,Medical
11,Dr. D.Y. Patil College of Ayurved and Research Centre5.,5.0,5.0,5.0,5.0,5.0,5.0,2.0,₹ 19.25 LakhNot RankedIndia Today ,,Medical
12,"Saveetha Institute of Medical and Technical Sciences, Poonamallee4.",3.8,4.3,4.1,4.4,3.9,0.0,19.0,,,Medical
13,Sree Chitra Tirunal Institute for Medical Sciences and Technology4.,4.0,4.5,4.0,4.0,4.5,0.0,2.0,₹ 1.77 LakhSalary ,₹ 26.40 Lakh Not RankedIndia Today ,Medical
14,AIIMS Rishikesh - All India Institute of Medical Sciences4.,4.4,4.7,4.6,4.6,4.6,0.0,16.0,"₹ 51,525Salary ",₹ 12.20 Lakh 19India Today ,Medical
15,"All India Institute of Medical Sciences, Bhubaneswar4.",4.8,4.4,4.7,4.7,4.8,0.0,12.0,₹ 1.05 LakhSalary ,₹ 15.00 Lakh Not RankedIndia Today ,Medical
16,AIIMS Jodhpur - All India Institute of Medical Sciences4.,4.7,4.8,4.7,3.9,4.9,0.0,19.0,"₹ 24,102Salary ",₹ 13.56 Lakh 14India Today ,Medical
17,Vardhman Mahavir Medical College4.,4.1,4.2,4.6,4.2,4.6,0.0,49.0,₹ 2.56 Lakh7India Today ,,Medical
18,"SRM Medical College Hospital and Research Centre, SRM IST, Kattankulathur4.",4.4,4.5,4.6,4.6,4.4,0.0,34.0,₹ 1.13 CroresNot RankedIndia Today ,,Medical
19,KGMU - King George's Medical University4.,4.3,4.5,4.6,4.6,4.7,0.0,128.0,₹ 2.14 LakhSalary ,₹ 12.00 Lakh 8India Today ,Medical
20,Sri Ramachandra Institute of Higher Education and Research4.,4.1,4.3,4.3,4.3,4.1,0.0,66.0,₹ 1.35 CroresSalary ,₹ 12.50 Lakh 28India Today ,Medical
21,SOA University - Siksha 'O' Anusandhan4.,3.9,4.3,4.2,4.1,3.9,0.0,1100.0,₹ 7.60 LakhNot RankedIndia Today ,,Medical
22,Institute of Post Graduate Medical Education and Research4.,4.7,4.7,4.7,4.6,4.9,0.0,23.0,"₹ 40,500Salary ",₹ 5.41 Lakh Not RankedIndia Today ,Medical
23,Datta Meghe Institute of Higher Education and Research (Deemed to be University)4.,4.1,4.3,4.3,4.3,4.1,0.0,36.0,₹ 7.80 LakhSalary ,₹ 5.40 Lakh Not RankedIndia Today ,Medical
24,"Maulana Azad Medical College, University of Delhi4.",4.6,4.1,4.7,4.6,4.9,0.0,91.0,"₹ 12,353Salary ",,Medical
26,All India Institute of Medical Sciences Patna4.,4.5,4.8,4.5,4.8,4.5,0.0,4.0,"₹ 4,500Salary ",₹ 12.36 Lakh 20India Today ,Medical
27,Aligarh Muslim University4.,3.8,4.2,4.3,4.3,4.7,4.7,844.0,"₹ 57,735Salary ",₹ 8.23 Lakh Not RankedIndia Today ,Medical
28,St. John’s National Academy of Health Sciences4.,4.5,4.5,4.5,4.5,4.0,0.0,13.0,₹ 30.00 LakhSalary ,₹ 4.80 Lakh 22India Today ,Medical
29,"Lady Hardinge Medical College, University of Delhi4.",4.5,3.8,4.5,4.5,4.9,0.0,31.0,"₹ 7,4489India Today ",,Medical
30,Armed Forces Medical College4.,4.8,4.8,4.8,4.7,5.0,0.0,12.0,"₹ 64,950Salary ",₹ 14.20 Lakh 4India Today ,Medical
31,AIIMS Bhopal - All India Institute of Medical Sciences4.,4.5,4.7,4.6,4.7,4.9,0.0,12.0,"₹ 4,788Salary ",₹ 12.60 Lakh 16India Today ,Medical
32,"University College of Medical Sciences, University of Delhi4.",4.7,4.2,4.5,4.6,4.8,0.0,56.0,₹ 1.41 LakhSalary ,₹ 12.50 Lakh 10India Today ,Medical
33,"Kasturba Medical College, Mangalore, Manipal Academy of Higher Education4.",4.4,4.4,4.6,4.2,4.1,0.0,17.0,₹ 43.95 LakhSalary ,₹ 9.20 Lakh 30India Today ,Medical
34,,,,,,,,,₹ 2.10 LakhNot RankedIndia Today ,,Medical
35,GMCH Chandigarh - Government Medical College and Hospital4.,4.5,4.2,4.3,4.4,4.5,0.0,12.0,"₹ 78,37915India Today ",,Medical
35,"Maharishi Markandeshwar University, Mullana4.",3.9,4.3,4.3,4.3,4.1,0.0,579.0,₹ 1.23 LakhNot RankedIndia Today ,,Medical
37,Jamia Hamdard3.,3.3,3.9,4.0,4.0,3.6,0.0,279.0,₹ 5.80 LakhSalary ,₹ 4.95 Lakh Not RankedIndia Today ,Medical
38,AIIMS Raipur - All India Institute of Medical Sciences4.,4.1,4.7,4.3,4.5,4.7,0.0,11.0,"₹ 1,350Salary ",₹ 14.00 Lakh 24India Today ,Medical
39,"JSS Medical College, JSS Academy of Higher Education and Research4.",4.1,4.3,4.2,4.2,4.1,0.0,58.0,₹ 5.40 LakhSalary ,₹ 9.75 Lakh Not RankedIndia Today ,Medical
40,Dayanand Medical College and Hospital4.,4.3,4.4,4.3,4.1,4.3,0.0,7.0,₹ 11.00 LakhSalary ,₹ 4.32 Lakh 29India Today ,Medical
41,PSG Institute of Medical Sciences and Research4.,4.3,4.5,4.5,4.3,4.0,0.0,4.0,₹ 20.00 LakhSalary ,₹ 10.12 Lakh 43India Today ,Medical
42,"Government Medical College, Thiruvananthapuram4.",4.3,4.4,4.4,4.6,4.8,0.0,14.0,₹  1.04 LakhSalary ,₹ 6.10 Lakh Not RankedIndia Today ,Medical
43,S.M.S. Medical College4.,4.6,4.4,4.6,4.5,4.8,0.0,43.0,₹  5.37 LakhSalary ,₹ 8.95 Lakh Not RankedIndia Today ,Medical
44,Medical College4.,4.6,4.2,4.3,4.3,4.6,0.0,28.0,"₹  40,500Salary ",₹ 7.10 Lakh 25India Today ,Medical
45,,,,,,,,,,,Medical
46,M S Ramaiah Medical College4.,4.0,4.4,4.4,4.2,4.1,0.0,23.0,₹  6.35 LakhSalary ,₹ 6.60 Lakh 26India Today ,Medical
47,"Mahatma Gandhi Medical College and Research Institute, Sri Balaji Vidyapeeth4.",4.2,4.6,4.8,4.6,4.4,0.0,5.0,₹  1.20 CroresSalary ,₹ 18.23 Lakh 52India Today ,Medical
48,Osmania Medical College4.,4.2,3.9,4.2,4.4,4.7,0.0,33.0,,,Medical
49,Christian Medical College & Hospital Ludhiana3.,4.0,3.5,3.9,4.1,3.8,0.0,17.0,₹  33.00 LakhSalary ,₹ 4.90 Lakh 31India Today ,Medical
50,Pt. Bhagwat Dayal Sharma Post Graduate Institute of Medical Sciences4.,4.3,4.3,4.6,4.6,4.6,0.0,161.0,₹  3.60 LakhSalary ,₹ 11.79 Lakh 27India Today ,Medical
1,IIM Ahmedabad - Indian Institute of Management4.,4.4,4.3,4.5,4.5,4.4,0.0,126.0,₹ 25.00 LakhSalary ,₹ 31.58 Lakh Not RankedBusiness Today ,MBA
2,IIM Bangalore - Indian Institute of Management4.,4.8,4.6,4.6,4.8,4.7,0.0,60.0,₹ 24.50 LakhSalary ,₹ 32.61 Lakh Not RankedBusiness Today ,MBA
3,IIM Kozhikode - Indian Institute of Management4.,4.4,4.4,4.4,4.6,4.4,0.0,78.0,₹ 14.00 LakhSalary ,₹ 27.00 Lakh 4Business Today ,MBA
4,"Department of Management Studies, IIT Delhi4.",4.3,4.4,4.3,4.3,4.6,0.0,44.0,₹ 12.00 LakhSalary ,₹ 24.45 Lakh 14Business Today ,MBA
5,IIM Calcutta - Indian Institute of Management4.,4.5,4.4,4.4,4.6,4.3,0.0,47.0,₹ 25.00 LakhSalary ,₹ 31.05 Lakh 1Business Today ,MBA
6,Indian Institute of Management Mumbai4.,4.5,5.0,4.0,5.0,4.5,0.0,2.0,₹ 14.00 LakhNot RankedBusiness Today ,,MBA
7,"Indian Institute of Management , Lucknow4.",4.5,4.6,4.3,4.5,4.5,5.0,88.0,₹ 12.60 Lakh2Business Today ,,MBA
8,IIM Indore - Indian Institute of Management4.,4.2,4.5,4.4,4.5,4.2,0.0,222.0,,,MBA
9,XLRI Xavier School of Management4.,4.7,4.7,4.4,4.8,4.3,5.0,65.0,₹ 28.60 LakhSalary ,₹ 29.00 Lakh Not RankedBusiness Today ,MBA
11,Management Development Institute4.,4.7,4.3,4.3,4.6,4.2,0.0,23.0,₹ 26.00 LakhSalary ,₹ 26.20 Lakh 6Business Today ,MBA
12,IIM Rohtak - Indian Institute of Management4.,4.3,4.3,4.2,4.3,4.3,0.0,172.0,₹ 18.92 LakhSalary ,₹ 17.00 Lakh Not RankedBusiness Today ,MBA
13,"Symbiosis Institute of Business Management, Symbiosis International, Pune4.",4.4,4.6,4.1,4.7,4.2,4.5,85.0,₹ 24.20 LakhSalary ,₹ 26.04 Lakh 12Business Today ,MBA
14,IIM Raipur - Indian Institute of Management4.,4.1,4.0,4.2,4.2,4.1,0.0,115.0,₹ 16.28 LakhSalary ,₹ 17.50 Lakh 16Business Today ,MBA
15,"Indian Institute of Foreign Trade, Delhi4.",4.5,3.9,4.4,4.5,4.3,0.0,48.0,₹ 21.77 LakhSalary ,₹ 25.00 Lakh 7Business Today ,MBA
18,IIT Roorkee - Indian Institute of Technology4.,4.3,4.5,4.1,4.7,4.5,5.0,594.0,,,MBA
19,IIT Kharagpur - Indian Institute of Technology4.,4.4,4.4,4.3,4.7,4.5,0.0,593.0,₹ 5.00 LakhSalary ,₹ 14.00 Lakh Not RankedBusiness Today ,MBA
20,"S.P. Jain Institute of Management and Research, Mumbai4.",4.3,4.0,4.3,4.3,4.3,0.0,49.0,₹ 24.00 LakhSalary ,₹ 30.00 Lakh 3Business Today ,MBA
21,"Pravin Dalal School of Entrepreneurship and Family Business Management, NMIMS, Mumbai4.",3.2,4.4,4.6,4.6,4.1,0.0,11.0,₹ 22.90 LakhSalary ,₹ 20.00 Lakh Not RankedBusiness Today ,MBA
22,IIM Udaipur - Indian Institute of Management4.,4.2,4.1,4.5,4.4,4.2,0.0,75.0,₹ 18.21 Lakh15Business Today ,,MBA
23,IIM Kashipur - Indian Institute of Management4.,4.3,4.7,4.4,4.5,4.3,0.0,168.0,₹ 16.96 LakhSalary ,₹ 15.03 Lakh 27Business Today ,MBA
24,IIM Shillong - Indian Institute of Management4.,4.1,3.7,3.8,4.4,4.0,0.0,33.0,,₹ 25.00 Lakh 9Business Today ,MBA
25,Jamia Millia Islamia4.,3.6,4.3,4.2,4.4,4.6,3.7,843.0,"₹ 47,000Salary ",,MBA
27,IIM Trichy - Indian Institute of Management4.,4.2,4.7,4.6,4.2,4.3,0.0,49.0,₹ 19.50 LakhSalary ,₹ 18.24 Lakh 18Business Today ,MBA
28,"Amrita Vishwa Vidyapeetham, Coimbatore4.",4.1,4.0,4.2,4.0,3.9,5.0,971.0,₹ 2.20 LakhNot RankedBusiness Today ,,MBA
29,"Amity University, Noida4.",3.6,4.5,4.0,4.4,3.7,5.0,1845.0,₹ 7.80 LakhNot RankedBusiness Today ,,MBA
31,IIM Nagpur - Indian Institute of Management4.,4.5,4.1,4.2,4.3,4.5,4.0,13.0,₹ 19.70 LakhSalary ,₹ 17.04 Lakh 23Business Today ,MBA
32,MICA4.,4.2,4.5,4.3,4.9,4.1,0.0,37.0,₹ 26.00 LakhSalary ,₹ 18.00 Lakh Not RankedBusiness Today ,MBA
33,IIM Bodh Gaya - Indian Institute of Management4.,4.2,3.6,4.3,3.9,4.3,0.0,112.0,₹ 9.60 LakhSalary ,₹ 12.00 Lakh 40Business Today ,MBA
34,"Great Lakes Institute of Management, Chennai4.",3.9,4.7,4.6,4.4,4.0,0.0,78.0,₹ 11.50 Lakh17Business Today ,,MBA
35,IMT Ghaziabad - Institute of Management Technology4.,3.9,4.3,4.2,4.5,4.0,0.0,263.0,₹ 20.80 LakhSalary ,₹ 15.00 Lakh 11Business Today ,MBA
36,Chandigarh University (CU)4.,4.1,4.4,4.1,4.3,4.1,3.8,4725.0,₹ 6.68 LakhNot RankedBusiness Today ,,MBA
37,Goa Institute of Management4.,4.1,4.6,4.2,4.6,4.0,0.0,145.0,₹ 19.40 LakhSalary ,₹ 14.60 Lakh 24Business Today ,MBA
38,LPU - Lovely Professional University4.,4.0,4.5,4.1,4.5,4.1,4.4,4434.0,₹ 8.00 LakhNot RankedBusiness Today ,,MBA
39,IFHE Hyderabad - ICFAI Foundation For Higher Education3.,3.5,4.3,4.0,4.3,3.5,0.0,571.0,₹ 1.80 LakhNot RankedBusiness Today ,,MBA
40,"International Management Institute, New Delhi4.",4.2,3.6,4.6,4.3,3.9,0.0,213.0,₹ 22.00 LakhSalary ,₹ 16.60 Lakh 10Business Today ,MBA
41,UPES4.,3.9,4.3,4.2,4.2,3.7,0.0,795.0,₹ 17.33 LakhNot RankedBusiness Today ,,MBA
42,IIM Jammu - Indian Institute of Management4.,4.0,3.5,4.2,4.0,4.0,0.0,79.0,₹ 13.07 LakhSalary ,₹ 15.00 Lakh Not RankedBusiness Today ,MBA
43,"Xavier Institute of Management, XIM University4.",4.2,4.2,4.4,4.6,3.9,4.0,70.0,₹ 22.00 LakhSalary ,₹ 18.37 Lakh Not RankedBusiness Today ,MBA
44,LM Thapar School of Management4.,3.8,4.7,4.2,4.1,3.9,0.0,53.0,₹ 10.56 LakhNot RankedBusiness Today ,,MBA
45,Jaipuria Noida - Jaipuria Institute of Management4.,3.9,4.1,4.2,4.0,3.8,0.0,451.0,₹ 15.75 Lakh65Business Today ,,MBA
46,IIT Dhanbad (ISM) - Indian Institute of Technology (ISM)4.,4.1,4.1,4.0,4.3,4.3,0.0,587.0,₹ 3.00 LakhSalary ,₹ 10.19 Lakh Not RankedBusiness Today ,MBA
47,IIM Amritsar - Indian Institute of Management4.,4.6,3.9,4.7,4.3,4.6,0.0,63.0,₹ 14.20 LakhSalary ,₹ 16.00 Lakh 33Business Today ,MBA
48,Banaras Hindu University4.,3.8,4.2,4.2,4.5,4.6,0.0,1565.0,"₹ 99,314Salary ",₹ 9.00 Lakh Not RankedBusiness Today ,MBA
49,"Institute of Rural Management, Anand4.",4.4,4.6,4.6,4.7,4.6,0.0,53.0,₹ 13.60 LakhSalary ,₹ 15.00 Lakh 29Business Today ,MBA
50,"Indian Institute of Management , Sambalpur4.",4.1,4.2,4.7,4.0,4.2,4.0,19.0,₹ 18.50 LakhSalary ,₹ 13.15 Lakh 38Business Today ,MBA
51,NIT Trichy - National Institute of Technology4.,4.4,4.3,4.1,4.5,4.5,0.0,366.0,₹ 1.40 LakhSalary ,₹ 8.70 Lakh Not RankedBusiness Today ,MBA
52,"Great Lakes Institute of Management, Gurgaon4.",4.0,4.4,4.8,4.2,4.2,0.0,58.0,₹ 7.75 LakhSalary ,₹ 11.50 Lakh Not RankedBusiness Today ,MBA
53,FORE School of Management3.,4.0,3.3,4.2,3.8,3.9,0.0,411.0,₹ 20.77 LakhSalary ,₹ 15.00 Lakh Not RankedBusiness Today ,MBA
54,"Chitkara College of Sales and Marketing, Chitkara University, Chandigarh4.",4.2,4.6,4.4,4.3,4.4,0.0,9.0,₹ 3.30 LakhSalary ,₹ 11.06 Lakh Not RankedBusiness Today ,MBA
56,International Management Institute4.,4.0,4.7,4.4,4.4,4.0,0.0,80.0,₹ 14.00 LakhSalary ,₹ 12.48 Lakh 54Business Today ,MBA
57,IIM Sirmaur - Indian Institute of Management4.,4.0,3.8,4.3,4.2,4.1,0.0,72.0,₹ 16.80 LakhSalary ,₹ 12.50 Lakh Not RankedBusiness Today ,MBA
58,"T A Pai Management Institute, Manipal, MAHE4.",4.0,4.3,4.3,4.3,4.0,0.0,88.0,₹ 13.02 LakhSalary ,₹ 13.50 Lakh 21Business Today ,MBA
59,Graphic Era Deemed to be University4.,3.9,4.3,4.3,4.2,3.9,4.0,759.0,₹ 7.17 LakhSalary ,₹ 7.50 Lakh Not RankedBusiness Today ,MBA
60,Christ University4.,3.9,4.5,4.1,4.5,4.2,0.0,1616.0,,,MBA
61,IMI Bhubaneswar - International Management Institute4.,4.1,4.6,4.5,4.3,3.9,0.0,112.0,₹ 14.30 LakhSalary ,₹ 12.00 Lakh 52Business Today ,MBA
62,SOA University - Siksha 'O' Anusandhan4.,3.9,4.3,4.2,4.1,3.9,0.0,1100.0,₹ 7.40 LakhSalary ,₹ 4.80 Lakh Not RankedBusiness Today ,MBA
63,K J Somaiya Institute of Management4.,3.9,4.4,4.1,4.3,4.3,0.0,202.0,₹ 21.34 LakhSalary ,₹ 12.00 Lakh 25Business Today ,MBA
64,Birla Institute of Management Technology3.,3.7,4.1,4.2,4.0,3.6,0.0,225.0,₹ 14.00 LakhSalary ,₹ 10.50 Lakh 31Business Today ,MBA
65,Guru Gobind Singh Indraprastha University3.,3.4,4.1,3.9,4.0,4.0,0.0,544.0,₹ 3.70 LakhSalary ,₹ 6.18 Lakh Not RankedBusiness Today ,MBA
66,Loyola Institute of Business Administration4.,4.0,4.2,4.2,4.4,4.3,4.3,37.0,₹ 18.89 LakhSalary ,₹ 11.00 Lakh 42Business Today ,MBA
68,MNIT Jaipur - Malaviya National Institute of Technology4.,4.0,4.4,4.0,4.4,4.2,0.0,861.0,₹ 2.00 LakhNot RankedBusiness Today ,,MBA
70,Aligarh Muslim University4.,3.8,4.2,4.3,4.3,4.7,4.7,844.0,₹ 5.87 LakhSalary ,₹ 5.26 Lakh Not RankedBusiness Today ,MBA
71,"Alliance University, Bangalore3.",3.4,4.4,4.1,4.1,3.6,0.0,205.0,,,MBA
72,Jaipuria Lucknow - Jaipuria Institute of Management4.,3.9,3.9,4.4,4.1,4.0,0.0,223.0,₹ 14.75 Lakh61Business Today ,,MBA
73,"Manipal University, Jaipur4.",3.5,4.7,4.1,4.5,3.7,4.8,641.0,₹ 10.20 LakhSalary ,₹ 8.00 Lakh Not RankedBusiness Today ,MBA
74,"Saveetha Institute of Medical and Technical Sciences, Poonamallee4.",3.8,4.3,4.1,4.4,3.9,0.0,19.0,,,MBA
75,Jaipuria Jaipur - Jaipuria Institute of Management4.,4.3,4.5,4.5,4.4,4.2,0.0,135.0,₹ 13.75 LakhNot RankedBusiness Today ,,MBA
76,NIT Calicut - National Institute of Technology4.,4.1,3.9,4.0,4.4,4.2,0.0,389.0,₹ 3.00 LakhSalary ,₹ 9.00 Lakh 69Business Today ,MBA
77,"Jain Deemed-to-be University, Bangalore3.",3.9,3.9,4.1,4.1,3.7,4.2,566.0,,₹ 8.10 Lakh Not RankedBusiness Today ,MBA
78,Jamia Hamdard3.,3.3,3.9,4.0,4.0,3.6,0.0,279.0,₹ 5.00 LakhSalary ,₹ 5.52 Lakh Not RankedBusiness Today ,MBA
80,PSGCT Coimbatore4.,4.4,4.2,4.3,4.4,4.6,0.0,236.0,,,MBA
81,"Cochin University of Science and Technology, Kochi4.",3.9,3.7,4.1,4.1,4.2,0.0,414.0,₹ 1.22 LakhSalary ,₹ 7.50 Lakh Not RankedBusiness Today ,MBA
82,Thiagarajar School of Management4.,3.9,4.3,4.3,4.2,4.3,0.0,81.0,₹ 11.00 LakhSalary ,₹ 7.50 Lakh Not RankedBusiness Today ,MBA
84,"Prin. L. N. Welingkar Institute of Management Development and Research, Mumbai4.",3.7,4.3,4.1,4.1,3.7,0.0,239.0,₹ 14.00 LakhSalary ,₹ 10.00 Lakh Not RankedBusiness Today ,MBA
85,Atal Bihari Vajpayee Indian Institute of Information Technology and Management3.,4.0,4.1,3.5,4.0,4.0,0.0,111.0,₹ 3.20 LakhNot RankedBusiness Today ,,MBA
86,"Babasaheb Bhimrao Ambedkar University (BBAU), Lucknow3.",2.6,3.8,3.8,3.9,3.6,0.0,105.0,₹ 1.80 LakhSalary ,₹ 10.40 Lakh Not RankedBusiness Today ,MBA
87,"Jagan Institute of Management Studies, Rohini4.",4.0,3.9,4.5,4.1,4.2,0.0,302.0,₹ 9.90 LakhSalary ,₹ 9.05 Lakh 58Business Today ,MBA
88,New Delhi Institute of Management4.,4.0,3.8,4.3,3.9,3.9,0.0,359.0,₹ 12.75 LakhSalary ,₹ 12.00 Lakh Not RankedBusiness Today ,MBA
90,"Birla Institute of Technology, Mesra3.",4.0,4.0,3.7,4.3,3.7,0.0,675.0,₹ 6.04 LakhSalary ,₹ 8.00 Lakh Not RankedBusiness Today ,MBA
91,National Institute of Bank Management4.,4.5,4.2,4.7,4.2,4.6,0.0,27.0,₹ 13.72 LakhSalary ,₹ 15.00 Lakh Not RankedBusiness Today ,MBA
92,Panjab University3.,3.4,3.7,3.9,4.2,4.1,4.6,963.0,"₹ 87,560Salary ",₹ 12.42 Lakh Not RankedBusiness Today ,MBA
93,Rajagiri Business School4.,4.0,4.2,4.4,4.6,3.9,0.0,14.0,₹ 7.50 LakhSalary ,₹ 6.50 Lakh Not RankedBusiness Today ,MBA
94,"Bharathidasan Institute of Management, Trichy (BIM, Trichy)4.",4.3,3.7,4.5,4.3,4.3,0.0,38.0,₹ 13.73 LakhSalary ,₹ 10.40 Lakh Not RankedBusiness Today ,MBA
95,Tezpur University4.,3.1,4.4,4.0,4.4,4.2,0.0,163.0,"₹ 62,792Salary ",₹ 8.00 Lakh Not RankedBusiness Today ,MBA
96,National Institute of Agricultural Extension Management (MANAGE)4.,4.8,4.6,4.5,4.6,4.9,0.0,22.0,₹ 8.50 LakhSalary ,₹ 10.35 Lakh 36Business Today ,MBA
97,"Institute of Management Technology, Hyderabad4.",4.1,4.4,4.4,4.4,4.2,0.0,73.0,₹ 14.77 LakhSalary ,₹ 11.00 Lakh 53Business Today ,MBA
98,Galgotias University4.,3.9,4.0,4.1,4.1,3.9,0.0,2064.0,₹ 3.08 Lakh137Business Today ,,MBA
99,"IFMR Graduate school of Business, KREA University (IFMR GSB), Sricity4.",3.9,3.9,4.2,4.1,3.9,0.0,100.0,₹ 14.16 LakhSalary ,₹ 13.10 Lakh Not RankedBusiness Today ,MBA
100,NIT Warangal - National Institute of Technology4.,4.3,4.1,4.0,4.4,4.3,0.0,623.0,₹ 1.40 LakhSalary ,₹ 12.00 Lakh Not RankedBusiness Today ,MBA
125,"Amity University, Gurugram4.",4.1,4.6,4.4,4.4,4.1,0.0,476.0,₹ 9.92 LakhSalary ,₹ 5.51 Lakh 92Business Today ,MBA
125,"Amity University, Patna3.",3.6,3.7,4.4,3.5,3.8,0.0,45.0,₹ 6.66 Lakh134Business Today ,,MBA
125,"Amity University, Ranchi4.",3.8,3.9,4.2,3.9,4.0,0.0,85.0,₹ 7.16 LakhSalary ,₹ 4.80 Lakh 133Business Today ,MBA
125,"Chandigarh Group of Colleges, Landran4.",4.3,4.2,4.1,4.4,4.2,0.0,1561.0,₹ 3.30 LakhNot RankedBusiness Today ,,MBA
125,"Chandigarh Group of Colleges, Jhanjeri4.",4.3,4.3,4.4,4.4,4.3,0.0,1093.0,₹ 1.32 Lakh192Business Today ,,MBA
125,Chandragupt Institute of Management4.,4.0,4.4,4.0,3.7,4.2,0.0,12.0,₹ 7.50 LakhSalary ,₹ 5.50 Lakh 149Business Today ,MBA
125,GLA University4.,4.1,4.2,4.2,4.1,4.0,0.0,1412.0,₹ 5.70 LakhNot RankedBusiness Today ,,MBA
